<?xml version="1.0" encoding="UTF-8"?>
<project-private xmlns="http://www.netbeans.org/ns/project-private/1">
    <editor-bookmarks xmlns="http://www.netbeans.org/ns/editor-bookmarks/2" lastBookmarkId="0"/>
    <open-files xmlns="http://www.netbeans.org/ns/projectui-open-files/2">
        <group>
            <file>file:/home/carlos/Documentos/Java%20Objetos/Clase17/src/org/centro8/curso/java/utils/files/FileText.java</file>
            <file>file:/home/carlos/Documentos/Java%20Objetos/Clase17/src/org/centro8/curso/java/swing/Interfaces</file>
            <file>file:/home/carlos/Documentos/Java%20Objetos/Clase17/datos.txt</file>
            <file>file:/home/carlos/Documentos/Java%20Objetos/Clase17/src/org/centro8/curso/java/swing/Hola.java</file>
            <file>file:/home/carlos/Documentos/Java%20Objetos/Clase17/src/org/centro8/curso/java/utils/files/I_File.java</file>
        </group>
    </open-files>
</project-private>
