<?xml version="1.0" encoding="UTF-8"?>
<project-private xmlns="http://www.netbeans.org/ns/project-private/1">
    <editor-bookmarks xmlns="http://www.netbeans.org/ns/editor-bookmarks/2" lastBookmarkId="0"/>
    <open-files xmlns="http://www.netbeans.org/ns/projectui-open-files/2">
        <group>
            <file>file:/home/carlos/Documentos/Java%20Objetos/Clase19/src/org/centro8/curso/java/repositories/interfaces/I_AlumnoRepository.java</file>
            <file>file:/home/carlos/Documentos/Java%20Objetos/Clase19/src/org/centro8/curso/java/repositories/interfaces/I_CursoRepository.java</file>
            <file>file:/home/carlos/Documentos/Java%20Objetos/Clase19/src/org/centro8/curso/java/sql/baseMariaDB.sql</file>
            <file>file:/home/carlos/Documentos/Java%20Objetos/Clase19/src/org/centro8/curso/java/connectors/Connector.java</file>
            <file>file:/home/carlos/Documentos/Java%20Objetos/Clase19/src/org/centro8/curso/java/test/TestRepository.java</file>
            <file>file:/home/carlos/Documentos/Java%20Objetos/Clase19/src/org/centro8/curso/java/repositories/jdbc/CursoRepository.java</file>
            <file>file:/home/carlos/Documentos/Java%20Objetos/Clase19/src/org/centro8/curso/java/test/TestConnector.java</file>
            <file>file:/home/carlos/Documentos/Java%20Objetos/Clase19/src/org/centro8/curso/java/utils/files/I_File.java</file>
        </group>
    </open-files>
</project-private>
