<?xml version="1.0" encoding="UTF-8"?>
<project-private xmlns="http://www.netbeans.org/ns/project-private/1">
    <editor-bookmarks xmlns="http://www.netbeans.org/ns/editor-bookmarks/2" lastBookmarkId="0"/>
    <open-files xmlns="http://www.netbeans.org/ns/projectui-open-files/2">
        <group>
            <file>file:/home/carlos/Documentos/JavaObjetos/Clase27/src/hilos/App.java</file>
            <file>file:/home/carlos/Documentos/JavaObjetos/Clase27/src/hilos/AppSaludo.java</file>
            <file>file:/home/carlos/Documentos/JavaObjetos/Clase27/src/hilos/Empleado.java</file>
            <file>file:/home/carlos/Documentos/JavaObjetos/Clase27/src/hilos/Saludo.java</file>
            <file>file:/home/carlos/Documentos/JavaObjetos/Clase27/src/hilos/Cuenta.java</file>
            <file>file:/home/carlos/Documentos/JavaObjetos/Clase27/src/hilos/Cliente.java</file>
            <file>file:/home/carlos/Documentos/JavaObjetos/Clase27/src/hilos/TestString.java</file>
        </group>
    </open-files>
</project-private>
